label,support_pos,best_thr,best_f1,AP
like-g4,0,0.5,0.0,-0.0
like-e5,1,0.05,0.2857142857142857,0.16666666666666666
like-g8,1,0.05,0.2857142857142857,0.2
like-g5,1,0.44999999999999996,0.3333333333333333,1.0
like-e1,1,0.44999999999999996,0.4,0.25
like-e8,1,0.39999999999999997,0.4,1.0
like-g1,2,0.05,0.5,0.41666666666666663
