{
  "like-e1": 0.44999999999999996,
  "like-e5": 0.05,
  "like-e8": 0.39999999999999997,
  "like-g1": 0.05,
  "like-g4": 0.5,
  "like-g5": 0.44999999999999996,
  "like-g8": 0.05
}