label,support_pos,best_thr,best_f1,AP
like-p1,0,0.5,0.0,-0.0
like-p2,0,0.5,0.0,-0.0
like-p4,0,0.5,0.0,-0.0
like-p9,0,0.5,0.0,-0.0
like-e5,1,0.05,0.2857142857142857,0.16666666666666666
like-e8,1,0.05,0.2857142857142857,0.16666666666666666
like-e1,1,0.44999999999999996,0.3333333333333333,0.2
like-p3,1,0.35,0.5,0.3333333333333333
like-p5,2,0.05,0.5,0.6666666666666666
