epoch,train_loss,microF1,macroF1,mAP,threshold
1,1.2448289394378662,0.2857142857142857,0.23015873015873012,0.24074074074074073,0.5
2,1.2350534200668335,0.21052631578947367,0.19523809523809524,0.2037037037037037,0.4662068965517241
3,1.212599277496338,0.20512820512820512,0.12433862433862435,0.1574074074074074,0.48310344827586205
4,1.1849414110183716,0.21052631578947367,0.20634920634920637,0.14629629629629629,0.41551724137931034
5,1.1604939699172974,0.20689655172413793,0.19523809523809524,0.1425925925925926,0.38172413793103444
6,1.0961978435516357,0.20689655172413793,0.19523809523809524,0.17037037037037037,0.3479310344827586
