label,support_pos,best_thr,best_f1,AP
like-p1,0,0.5,0.0,-0.0
like-p2,0,0.5,0.0,-0.0
like-p4,0,0.5,0.0,-0.0
like-p9,0,0.5,0.0,-0.0
like-g4,0,0.5,0.0,-0.0
like-p3,1,0.3,0.4,0.25
like-g5,1,0.44999999999999996,0.4,0.25
like-g1,2,0.05,0.5,0.45
like-p5,2,0.44999999999999996,0.6666666666666666,0.8333333333333333
like-g8,1,0.39999999999999997,0.6666666666666666,0.5
