{
  "like-p1": 0.5,
  "like-p2": 0.5,
  "like-p3": 0.3,
  "like-p4": 0.5,
  "like-p5": 0.44999999999999996,
  "like-p9": 0.5,
  "like-g1": 0.05,
  "like-g4": 0.5,
  "like-g5": 0.44999999999999996,
  "like-g8": 0.39999999999999997
}